{
  "feature_names": [
    "Time",
    "V1",
    "V2",
    "V3",
    "V4",
    "V5",
    "V6",
    "V7",
    "V8",
    "V9",
    "V10",
    "V11",
    "V12",
    "V13",
    "V14",
    "V15",
    "V16",
    "V17",
    "V18",
    "V19",
    "V20",
    "V21",
    "V22",
    "V23",
    "V24",
    "V25",
    "V26",
    "V27",
    "V28",
    "Amount"
  ],
  "feature_defaults": {
    "Time": 84805.0,
    "V1": 0.0186915573117941,
    "V2": 0.0647457546302912,
    "V3": 0.179858961819187,
    "V4": -0.0213610887175061,
    "V5": -0.0547574096377213,
    "V6": -0.274155744617213,
    "V7": 0.0404198324731304,
    "V8": 0.023218551781995,
    "V9": -0.0506526086850341,
    "V10": -0.0933317436055039,
    "V11": -0.0314193868116703,
    "V12": 0.142380618660729,
    "V13": -0.0143479540236512,
    "V14": 0.0495710986739679,
    "V15": 0.04840005739945,
    "V16": 0.0650799747975197,
    "V17": -0.0655496485351115,
    "V18": -0.0034841002724111,
    "V19": 0.0053506890019801,
    "V20": -0.0626058757047481,
    "V21": -0.029280193706787,
    "V22": 0.0065991874026585,
    "V23": -0.0109828575173659,
    "V24": 0.0407781719769047,
    "V25": 0.0160808346306451,
    "V26": -0.0516229080040241,
    "V27": 0.0014627356196624,
    "V28": 0.0112213920155359,
    "Amount": 22.0
  },
  "feature_min": {
    "Time": 0.0,
    "V1": -56.407509631329,
    "V2": -72.7157275629303,
    "V3": -48.3255893623954,
    "V4": -5.68317119816995,
    "V5": -113.743306711146,
    "V6": -26.1605059358433,
    "V7": -43.5572415712451,
    "V8": -73.2167184552674,
    "V9": -13.4340663182301,
    "V10": -24.5882624372475,
    "V11": -4.79747346479757,
    "V12": -18.6837146333443,
    "V13": -5.79188120632084,
    "V14": -19.2143254902614,
    "V15": -4.49894467676621,
    "V16": -14.1298545174931,
    "V17": -25.1627993693248,
    "V18": -9.49874592104677,
    "V19": -7.21352743017759,
    "V20": -54.497720494566,
    "V21": -34.8303821448146,
    "V22": -10.933143697655,
    "V23": -44.8077352037913,
    "V24": -2.83662691870341,
    "V25": -10.2953970749851,
    "V26": -2.60455055280817,
    "V27": -22.5656793207827,
    "V28": -15.4300839055349,
    "Amount": 0.0
  },
  "feature_max": {
    "Time": 172792.0,
    "V1": 2.45188848995359,
    "V2": 22.0577289904909,
    "V3": 9.38255843282114,
    "V4": 16.8753440335975,
    "V5": 34.8016658766686,
    "V6": 73.3016255459646,
    "V7": 120.589493945238,
    "V8": 20.0072083651213,
    "V9": 15.5949946071278,
    "V10": 23.7451361206545,
    "V11": 12.0189131816199,
    "V12": 7.8483920756446,
    "V13": 7.12688295859376,
    "V14": 10.5267660517847,
    "V15": 8.87774159774277,
    "V16": 17.3151115176278,
    "V17": 9.25352625047285,
    "V18": 5.04106918541184,
    "V19": 5.57211332687969,
    "V20": 39.4209042482199,
    "V21": 27.2028391573154,
    "V22": 10.5030900899454,
    "V23": 22.5284116897749,
    "V24": 4.58454913689817,
    "V25": 6.07085038407798,
    "V26": 3.5173456116238,
    "V27": 31.6121981061363,
    "V28": 33.8478078188831,
    "Amount": 25691.16
  },
  "metrics": {
    "pr_auc": 0.8839943574823895,
    "roc_auc": 0.9766530310773718,
    "f1": 0.8791208791208791,
    "mcc": 0.8815489362933638,
    "threshold": 0.9747548699378967
  },
  "n_train": 227845,
  "n_test": 56962,
  "fraud_rate_train": 0.001729245759178389
}